Collection set,Camera Pod,Video ID,Time,Vehicle type,Vehicle color,Human pose,Notes,geohashs,overall_dust_level,with_vehicle_dust_level,vehicle_frame_count,vehicle_frame_duration,Dust level
March 29th and 30th,Rear,7,Day,Pickup,white,,,7zzzzzzzzzzz,0.10808878276155914,0.15413074028368795,141,29.934,medium dust
March 29th and 30th,Front,7,Day,Pickup,white,,,9zpbb4z12uz8+9zpbb4z131bu+9zpbb4z1303w+9zpbb4z11jdf+9zpbb4z0cnqj+9zpbb4z0c28m+9zpbb4z09r1p+9zpbb4z093e8+9zpbb4z03mjr+9zpbb4z037y1+9zpbb4z01x80,0.008265144768879669,0.037799374756250004,16,5.302,low dust
March 29th and 30th,Rear,8,Day,Pickup,white,,,7zzzzzzzzzzz,0.14133113785972698,0.20511399993333335,150,27.731,medium dust
March 29th and 30th,Rear,9,Day,Pickup,white,,,7zzzzzzzzzzz,0.11252196846455695,0.14327846652755907,127,26.432,low dust
March 29th and 30th,Front,9,Day,Pickup,white,,,9zpbb4ycwmw9+9zpbb4ycwkp7+9zpbb4ycw90x+9zpbb4ycqe7p,0.00547444017257384,0.00802324004,5,1.309,low dust
March 29th and 30th,Rear,10,Day,Pickup,white,,,7zzzzzzzzzzz,0.18428825115017922,0.2587963721259843,127,28.947,heavy dust
March 29th and 30th,Front,11,Day,Midsized SUV,white,,,9zpbb4z4duc8+9zpbb4z4dy0v+9zpbb4z4fdqy+9zpbb4z4ftm3+9zpbb4z548hj+9zpbb4z54e4c+9zpbb4z54s6r+9zpbb4z5688x+9zpbb4z567x4+9zpbb4z56qmy,0.005352470983492064,0.00984369286153846,13,3.602,low dust
March 29th and 30th,Rear,13,Day,Midsized SUV,white,,,7zzzzzzzzzzz,0.1099866517787879,0.16321677613131313,99,20.942,medium dust
March 29th and 30th,Rear,14,Day,Midsized SUV,white,,,7zzzzzzzzzzz,0.13182271719760957,0.18774703045000002,100,23.285,medium dust
March 29th and 30th,Rear,15,Day,Midsized SUV,white,,,7zzzzzzzzzzz,0.09214929396162792,0.11968534766225164,151,29.136,low dust
March 29th and 30th,Front,14,Day,Midsized SUV,white,,,9zpbb4z4tjtb+9zpbb4z4t1py+9zpbb4z4mq34+9zpbb4z4mkcv+9zpbb4z1vt0t+9zpbb4z1vw85,0.005490273233175355,0.010111795666666668,6,3.115,low dust
March 29th and 30th,Rear,16,Day,Midsized SUV,white,,,7zzzzzzzzzzz,0.18738131528221344,0.2839660156923077,130,26.244,heavy dust
March 29th and 30th,Rear,23,Dusk,Midsized SUV,white,,,7zzzzzzzzzzz,0.08557778366475645,0.1783502094883721,129,34.986,medium dust
March 29th and 30th,Front,21,Dusk,Midsized SUV,white,,,9zpbb4z9gzf1+9zpbb4zd5u06+9zpbb4zd5c1r+9zpbb4zd78qd+9zpbb4zd7sse+9zpbb4zd7wh0,0.005335844202061856,0.006668265950000001,6,1.996,low dust
March 29th and 30th,Front,22,Dusk,Midsized SUV,white,,,9zpbb4zexgfc+9zpbb4zexf7k+9zpbb4zerzsc+9zpbb4zeruwn+9zpbb4zg202m+9zpbb4zg0h4k+9zpbb4zg0p0b+9zpbb4zfbpue,0.00562302588625,0.010899085,8,2.934,low dust
March 29th and 30th,Rear,24,Dusk,Midsized SUV,white,,,7zzzzzzzzzzz,0.11535333877037035,0.1643536534375,128,29.627,medium dust
March 29th and 30th,Front,23,Dusk,Midsized SUV,white,,,9zpbb4zdbzrj+9zpbb4ze0fmb+9zpbb4ze0bye+9zpbb4ze0yec+9zpbb4ze2c6t+9zpbb4ze2u30,0.005715635127559055,0.006297953716666666,6,1.753,low dust
March 29th and 30th,Rear,25,Dusk,Midsized SUV,white,,,7zzzzzzzzzzz,0.1589905723840678,0.22539658933139536,172,32.26,medium dust
March 29th and 30th,Front,24,Dusk,Midsized SUV,white,,,9zpbb4z9q902+9zpbb4z9nw1t+9zpbb4z9ne6c+9zpbb4z9n8kj+9zpbb4z8ytt9+9zpbb4z8ysnm,0.005287357873895582,0.006875617716666667,6,1.911,low dust
March 29th and 30th,Rear,26,Dusk,Midsized SUV,white,,,7zzzzzzzzzzz,0.14502432480839417,0.200943763037037,135,30.062,medium dust
March 29th and 30th,Rear,27,Dusk,Range (gator),green,,,7zzzzzzzzzzz,0.1584618262588595,0.19836751546808515,94,48.181,medium dust
March 29th and 30th,Front,26,Dusk,Range (gator),green,,,9zpbb4zy1h7f+9zpbb4zy14um+9zpbb4zy8cjv+9zpbb4zy8v7y+9zpbb4zy8yg7+9zpbb4zybc9z,0.00528374629751861,0.006667705433333334,6,3.577,low dust
March 29th and 30th,Rear,28,Dusk,Range (gator),green,,,7zzzzzzzzzzz,0.16175340381347517,0.22908278111111105,45,28.245,medium dust
March 29th and 30th,Front,28,Dusk,Range (gator),green,,,9zpbb6b5exz9+9zpbb6b5g9ny+9zpbb6bh59f8+9zpbb6bh5876+9zpbb6bh5e4n+9zpbb6bh5w09+9zpbb6bh76qe+9zpbb6bh7mjr+9zpbb6bhe2h4+9zpbb6bhe6gj+9zpbb6bhg28t+9zpbb6bhg4pg+9zpbb6bhghyx+9zpbb6bhgpv6+9zpbb6bj54sn+9zpbb6bj5jdf+9zpbb6bj5p42+9zpbb6bj71bg,0.006945005554724409,0.021832021727999997,25,7.543,low dust
March 29th and 30th,Rear,29,Dusk,Range (gator),green,,,7zzzzzzzzzzz,0.16248609574356954,0.19720917844303798,79,37.569,medium dust
March 29th and 30th,Front,29,Dusk,Range (gator),green,,,9zpbb4zctrrs+9zpbb4zcts89+9zpbb4zct99y+9zpbb4zcmwg4+9zpbb4zcmeur+9zpbb4zcm9je+9zpbb4zcjwnz,0.004956735377830189,0.008352271057142858,7,2.397,low dust
March 29th and 30th,Rear,30,Dusk,Range (gator),green,,,7zzzzzzzzzzz,0.18582044174523807,0.23254833878787878,33,26.076,medium dust
March 29th and 30th,Rear,31,Dusk,Pickup,white,,,7zzzzzzzzzzz,0.1745288652908012,0.23951069522137403,131,43.837,medium dust
March 29th and 30th,Front,31,Dusk,Pickup,white,,,9zpbb6bhbfgh+9zpbb6bhbu69+9zpbb6bhbz1k+9zpbb6bj0cbp+9zpbb6bj2ds2+9zpbb6bj2t6u+9zpbb6bj881w,0.004672722418897638,0.006321706257142857,7,2.733,low dust
March 29th and 30th,Front,32,Dusk,Pickup,white,,,9zpbb6b1yzmg+9zpbb6b1yux0+9zpbb6b1z18k+9zpbb6b1z00z+9zpbb6b1xj6k+9zpbb6b1x4e3+9zpbb6b1rnjr+9zpbb6b1r0rx+9zpbb6b1r5qe,0.004153524503061224,0.005517097922222223,9,2.695,low dust
March 29th and 30th,Rear,32,Dusk,Pickup,white,,,7zzzzzzzzzzz,0.1935223119646643,0.2868516796153846,26,29.894,heavy dust
March 29th and 30th,Front,33,Dusk,Pickup,white,,,9zpbb6b75hjh+9zpbb6b75js9+9zpbb6b7707m+9zpbb6b7753b+9zpbb6b77p84+9zpbb6b7dfrj+9zpbb6b7dytp+9zpbb6b7dgy7,0.0041946626270072986,0.0081298332,8,2.757,low dust
March 29th and 30th,Rear,33,Dusk,Pickup,white,,,7zzzzzzzzzzz,0.13050230266550386,0.19013390123636367,165,29.474,medium dust
March 29th and 30th,Front,34,Dusk,Pickup,white,,,9zpbb6b8bzt2+9zpbb6b8buwt+9zpbb6b8bczc+9zpbb6b89178+9zpbb6b83nmn+9zpbb6b835w5+9zpbb6b830xr+9zpbb68xc7v6+9zpbb68x9rx2+9zpbb68x9w05+9zpbb68x9e1q+9zpbb68x39ju+9zpbb68x1xww+9zpbb68x1wpr,0.006538301553723405,0.01662161076842105,19,7.998,low dust
March 29th and 30th,Rear,34,Dusk,Pickup,white,,,7zzzzzzzzzzz,0.17290405335302012,0.189147807987013,77,34.276,medium dust
March 29th and 30th,Front,40,Dusk,Human,gray,stand,,9zpbb6bdxk62+9zpbb6bdx37u+9zpbb6bdrruq+9zpbb6bdptch+9zpbb6bdp9df+9zpbb6bdp857+9zpbb6b9zthz,0.00435633261640625,0.004327925387500001,8,3.241,low dust
March 29th and 30th,Front,41,Dusk,Human,gray,laying down,,9zpbb6bckxh0+9zpbb6bcs87s+9zpbb6bcse62+9zpbb6bcsw0g+9zpbb6bcu2zq+9zpbb6bcumm8+9zpbb6bcuqsv+9zpbb6bfh2h7+9zpbb6bfh6fz+9zpbb6bfhmcs,0.004135812102439025,0.005304412215384615,13,3.241,low dust
March 29th and 30th,Front,43,Dusk,Human,gray,stand,,9zpbb6bf1vjw+9zpbb6bf1yth+9zpbb6bf3cec+9zpbb6bf3u6q+9zpbb6bf9tnd+9zpbb6bf9xvq+9zpbb6bfcdgf+9zpbb6bfctdt,0.004659964328571429,0.005142604659999999,10,3.37,low dust
March 29th and 30th,Rear,43,Dusk,Human,gray,stand,,7zzzzzzzzzzz,0.21031569374727274,0.310361678,5,1.289,heavy dust
March 29th and 30th,Front,47,Night,Midsized SUV,white,,,9zpbb6ch6d03+9zpbb6ch6qq3+9zpbb6ch6rty+9zpbb6chd6s9+9zpbb6chdqf9+9zpbb6chf39k+9zpbb6chfhry+9zpbb6chfjzh+9zpbb6cj44jh+9zpbb6cj45s6+9zpbb6cj4n6u,0.004191137810572687,0.008037755972727273,11,3.925,low dust
March 29th and 30th,Rear,47,Night,Midsized SUV,white,,,7zzzzzzzzzzz,0.2616038487886905,0.39212756959183676,49,19.956,heavy dust
March 29th and 30th,Front,48,Night,Midsized SUV,white,,,9zpbb6c62jmn+9zpbb6c625vz+9zpbb6c621pj+9zpbb6c60pxz+9zpbb6c60kch+9zpbb6c60643+9zpbb6c3br5w+9zpbb6c3bkm5+9zpbb6c38qxk+9zpbb6c38t20+9zpbb6c38d3k+9zpbb6c32x6x+9zpbb6c32seg,0.0051894926192307695,0.018293253907692306,13,4.601,low dust
March 29th and 30th,Rear,48,Night,Midsized SUV,white,,,7zzzzzzzzzzz,0.22837092762378636,0.3023744524137931,58,24.981,heavy dust
March 29th and 30th,Front,49,Night,Midsized SUV,white,,,9zpbb6c4bc3t+9zpbb6c4bfc5+9zpbb6c52t8u+9zpbb6c52df0+9zpbb6c582x2+9zpbb6c5bqcr+9zpbb6ch03b4+9zpbb6ch05r9+9zpbb6ch0nnj+9zpbb6ch0ptd+9zpbb6buxgpc,0.004418144992857143,0.00539475434375,16,8.124,low dust
March 29th and 30th,Rear,49,Night,Midsized SUV,white,,,7zzzzzzzzzzz,0.25855176664558827,0.3764536791208791,91,28.869,heavy dust
March 29th and 30th,Rear,50,Night,Midsized SUV,white,,,7zzzzzzzzzzz,0.21863639654679803,0.30987352096875,64,21.005,heavy dust
March 29th and 30th,Rear,51,Night,Midsized SUV,white,,,7zzzzzzzzzzz,0.21128272963567843,0.3273789701492537,67,22.002,heavy dust
March 29th and 30th,Front,51,Night,Midsized SUV,white,,,9zpbb69jzuc7+9zpbb69jzf4c+9zpbb69jxzhn+9zpbb69jxfvv+9zpbb69jxbp1+9zpbb69m2j0r+9zpbb69m25bc+9zpbb69m0n56+9zpbb69m05hz+9zpbb69m00qh+9zpbb69kbjx2+9zpbb69kbk04+9zpbb69kb31q+9zpbb69k8q6f+9zpbb69k87kn+9zpbb69k82t6+9zpbb69k2rnh+9zpbb69k2kpr+9zpbb69k292s,0.005879859775824175,0.010562531195652173,23,7.135,low dust
March 29th and 30th,Front,53,Night,Pickup,white,,,9zpbb6c7cbj8+9zpbb6c7cu78+9zpbb6c7cz4k+9zpbb6ck1b99+9zpbb6ck1xwm+9zpbb6ck39jg,0.004111140970899471,0.005227061283333333,6,2.289,low dust
March 29th and 30th,Rear,53,Night,Pickup,white,,,7zzzzzzzzzzz,0.2546635012641196,0.3785589842276423,123,33.533,heavy dust
March 29th and 30th,Front,54,Night,Pickup,white,,,9zpbb6c6rr98+9zpbb6c6rkej+9zpbb6c6r3u6+9zpbb6c6pkp5+9zpbb6c6p6xw+9zpbb6c6pmw3+9zpbb6c3zw3u+9zpbb6c3zsfq+9zpbb6c3z8sm+9zpbb6c3xtvc+9zpbb6c3xdzp,0.003912111817578125,0.0072443460727272735,11,4.042,low dust
March 29th and 30th,Rear,54,Night,Pickup,white,,,7zzzzzzzzzzz,0.19548314411616163,0.28185173879120884,91,32.94,heavy dust
March 29th and 30th,Rear,55,Night,Pickup,white,,,7zzzzzzzzzzz,0.2408172029137931,0.34808058216,125,37.194,heavy dust
March 29th and 30th,Rear,56,Night,Pickup,white,,,7zzzzzzzzzzz,0.2223884307404692,0.3226289720245399,163,37.954,heavy dust
March 29th and 30th,Rear,58,Night,Range (gator),green,,,7zzzzzzzzzzz,0.25117624765642454,0.3677026704,25,21.669,heavy dust
March 29th and 30th,Front,59,Night,Range (gator),green,,,9zpbb6cdy21x+9zpbb6cdwmds+9zpbb6cdwk74+9zpbb6cdw2sc+9zpbb6cdqmyj+9zpbb6cdq7ps+9zpbb6cdq82f+9zpbb6cdntd5+9zpbb6cdns6f+9zpbb6cdne56+9zpbb6c9ywms+9zpbb6cdn8st,0.0038333014800699303,0.005869655216666666,12,4.109,low dust
March 29th and 30th,Rear,59,Night,Range (gator),green,,,7zzzzzzzzzzz,0.20723665866226418,0.30248463387096775,62,33.563,heavy dust
March 29th and 30th,Front,60,Night,Range (gator),green,,,9zpbb6cfg58j+9zpbb6cffywc+9zpbb6cffzyp+9zpbb6cg4fug+9zpbb6cg4vet+9zpbb6cg6bd9+9zpbb6cg6g3k+9zpbb6cg6y20+9zpbb6cgd9p5+9zpbb6cgdevz+9zpbb6cgdtmh+9zpbb6cgf9er+9zpbb6cgfw1d+9zpbb6cgfx90+9zpbb6cu46rv,0.005826247696521738,0.02786717280555555,18,5.469,low dust
March 29th and 30th,Rear,60,Night,Range (gator),green,,,7zzzzzzzzzzz,0.25725069503244274,0.3803043245714286,35,24.675,heavy dust
March 29th and 30th,Rear,61,Night,Range (gator),green,,,7zzzzzzzzzzz,0.23347233728318587,0.3358702707407408,54,36.668,heavy dust
March 29th and 30th,Front,66,Night,Human,gray,stand,,9zpbb6dp7g62+9zpbb6dp7y0g+9zpbb6dpe8zr+9zpbb6dpetkb+9zpbb6dpg85e+9zpbb6dpgdfj+9zpbb6dpgt8y+9zpbb6f053ys,0.003907002713592233,0.004019904188888888,9,3.382,low dust
March 29th and 30th,Front,67,Night,Human,gray,stand,,9zpbb6f0xuzm+9zpbb6f28408+9zpbb6f22p1f+9zpbb6f22h5j+9zpbb6f20hyk+9zpbb6f201zz+9zpbb6f2022r,0.003902923529565217,0.004635851425,8,2.675,low dust
March 29th and 30th,Front,68,Night,Human,gray,stand,,9zpbb6drm64z+9zpbb6drmm1d+9zpbb6drmq8b+9zpbb6drtpj7+9zpbb6drv57t+9zpbb6drvn68+9zpbb6drvp9y+9zpbb6f2hvrk,0.003843490536633664,0.004081742687500001,8,3.76,low dust
March 29th and 30th,Front,69,Night,Human,gray,stand,,9zpbb6f0vd0n+9zpbb6f0ttf5+9zpbb6f0tx33+9zpbb6f0tdgm+9zpbb6f0t9kp+9zpbb6f0mwt6+9zpbb6f0mewv+9zpbb6f0jz29+9zpbb6f0jvc6+9zpbb6f0jffs,0.00406583456025641,0.004527103530769231,13,3.238,low dust
March 29th and 30th,Front,70,Night,Human,gray,stand,,9zpbb6drdgc9+9zpbb6drdy8k+9zpbb6drf9x0+9zpbb6drfdyw+9zpbb6drfxhw+9zpbb6f24e7p+9zpbb6f24sfm+9zpbb6f24xc3+9zpbb6f266xu,0.004156582459487179,0.004497686272727273,11,3.254,low dust
March 29th and 30th,Front,71,Night,Human,gray,stand,,9zpbb6f3ncrp+9zpbb6f3nbpb+9zpbb6f2zj1h+9zpbb6f2z44q+9zpbb6f2z0ep+9zpbb6f2x1wj+9zpbb6f2x0qf+9zpbb6f2rm8h+9zpbb6f2rk0x,0.003945424715337423,0.004482732609090909,11,3.068,low dust
April 5th,Front,0,Day,Range (gator),green,,,9z5ywyhh953p+9z5ywyhh9ez6+9z5ywyhhdhjf+9z5ywyhhdkjp+9z5ywyhhsmr5+9z5ywyhhsj0u+9z5ywyhhtmu6+9z5ywyhhty54+9z5ywyhhwy83+9z5ywyhhxnwz+9z5ywyhk8r77+9z5ywyhk9p9m+9z5ywyhkc8p3+9z5ywyhk9rzv+9z5ywyhkf2mk+9z5ywyhkcbnu+9z5ywyhkg941,0.020815114171034484,0.0437443460590909,22,9.004,low dust
April 5th,Front,3,Day,Range (gator),green,,,9z5ywyhtzv4q+9z5ywyhtystg+9z5ywyhtv7fm+9z5ywyhtvu0g+9z5ywyhtuesd+9z5ywyhtu7mx+9z5ywyhtu5q7+9z5ywyhtge08+9z5ywyhtg6ct+9z5ywyhtcdnc+9z5ywyhtc3b6+9z5ywyhtc19h+9z5ywyhtb373+9z5ywyhtbc99+9z5ywyhmz8vm+9z5ywyhmz0wy+9z5ywyhmyb2q+9z5ywyhmy21w+9z5ywyhmszmw+9z5ywyhmsrnz+9z5ywyhmsnbp+9z5ywy5t30x5+9z5ywy5t2b26+9z5ywy5t280w+9z5ywy5t0pcw+9z5ywy5mpre4+9z5ywy5mnzk1+9z5ywy5mnrj4+9z5ywy5mjyy1+9z5ywy5mjnx8+9z5ywy5mhyrg+9z5ywy5mhw14+9z5ywy5mhjf5+9z5ywy5m5vdx+9z5ywy5m5m7z+9z5ywy5m4vhz+9z5ywy5m4mjb+9z5ywy5m1uyb+9z5ywy5m1h29+9z5ywy5m0u1h,0.0057292108042492915,0.013485395224561407,57,41.04,low dust
April 5th,Rear,1,Day,Range (gator),green,,,7zzzzzzzzzzz,0.1066535074732143,0.12602609784,50,15.75,low dust
April 5th,Front,4,Day,Range (gator),green,,,9z5ywy4me1u6+9z5ywy4med4c+9z5ywy4ms62z+9z5ywy4mt4yj+9z5ywy4msfyc+9z5ywy4mteht+9z5ywy4mwgc0+9z5ywy4mxhpc+9z5ywy4mxsnp+9z5ywy4mxum6+9z5ywy4t8kef+9z5ywy4t9m10+9z5ywy4t9tr8+9z5ywy4tdjw0,0.012459407499462364,0.025516981857142854,14,6.098,low dust
April 5th,Rear,2,Day,Range (gator),green,,,7zzzzzzzzzzz,0.11605151740470587,0.19963408308695654,46,25.423,medium dust
April 5th,Rear,3,Day,Range (gator),green,,,7zzzzzzzzzzz,0.11428632209797297,0.16202797783999998,50,22.406,medium dust
April 5th,Front,6,Day,Range (gator),green,,,9z5ywyhyuthj+9z5ywyhyvj6x+9z5ywyhyvvb1+9z5ywyhyywm5+9z5ywyhyyys2+9z5ywyhyzqg0+9z5ywyjnbr26+9z5ywyjnbxwg,0.008932558430147057,0.020488246933333336,15,3.818,low dust
April 5th,Rear,4,Day,Range (gator),green,,,7zzzzzzzzzzz,0.118870084136,0.18239843617857146,56,19.571,medium dust
April 5th,Front,7,Day,Range (gator),green,,,9z5ywynqq7x6+9z5ywynqq52s+9z5ywynqkdu0+9z5ywynqk6sv+9z5ywynqk4t3+9z5ywyjjst4x+9z5ywyjjsj58+9z5ywyjjd5b8+9z5ywyjj976k+9z5ywyjj8g5m,0.004171511113953489,0.00474700003,20,39.626,low dust
April 5th,Rear,5,Day,Range (gator),green,,,7zzzzzzzzzzz,0.1198883115709091,0.146713338462963,108,48.599,low dust
April 5th,Front,8,Day,Range (gator),green,,,9z5ywy5ufwf8+9z5ywy5ufneb+9z5ywy5ucqjq+9z5ywy5ucnjc+9z5ywy5sysey+9z5ywy5syks6+9z5ywy5sv5yy+9z5ywy5svsnn,0.004315002912903226,0.0053480692100000005,10,4.51,low dust
April 5th,Rear,6,Day,Range (gator),green,,,7zzzzzzzzzzz,0.10149923253121386,0.10836478811111111,18,4.859,low dust
April 5th,Front,9,Day,Pickup,gray,,,9z5ywy4m14h3+9z5ywy4m1f6t+9z5ywy4m469q+9z5ywy4m4dzy+9z5ywy4m55nt+9z5ywy4m5emq+9z5ywy4mh5ey+9z5ywy4mh7g1+9z5ywy4mjut8+9z5ywy4mnsge+9z5ywy4mnufr+9z5ywy4mpm1n,0.015435765646130953,0.03535371241666666,24,5.191,low dust
April 5th,Rear,8,Day,Pickup,gray,,,7zzzzzzzzzzz,0.1447853007142857,0.29911882100000003,20,5.729,heavy dust
April 5th,Front,10,Day,Pickup,gray,,,9z5ywy5tg8tm+9z5ywy5tg0qu+9z5ywy5tgbu2+9z5ywy5tv1x3+9z5ywy5tvcvn+9z5ywy5ty65r+9z5ywy5tyd6d+9z5ywy5tz68q+9z5ywy5tzdyx+9z5ywy5vb5hv+9z5ywy5vbe7q+9z5ywy5vc7bc+9z5ywy5vcsp2+9z5ywy5vfkmh+9z5ywy5vgvpw+9z5ywy5vgkf5+9z5ywy5vumqm+9z5ywy5vutt9+9z5ywy5vvmgh+9z5ywy5vyn0y+9z5ywy5vyqrn+9z5ywy5vzqgy+9z5ywyhjbr2s+9z5ywyhykw2h+9z5ywyhymnwx+9z5ywyhyqpm9,0.01638689621198347,0.034970589403508764,57,40.574,low dust
April 5th,Rear,9,Day,Pickup,gray,,,7zzzzzzzzzzz,0.13847129834014688,0.20609621923018867,265,50.13,medium dust
April 5th,Front,12,Day,Pickup,gray,,first half stationary,9z5ywyhyqpmd+9z5ywyjyfyvg+9z5ywyjygz7d+9z5ywyjyurd6+9z5ywyjyvpbm+9z5ywyjzj0p9+9z5ywyjzj8q2+9z5ywyjzjbmk+9z5ywyjzn2sr+9z5ywyjzp141+9z5ywyjzp929+9z5ywyjzpcx0+9z5ywynp03v8+9z5ywynp145g+9z5ywynp1d63+9z5ywynp4491+9z5ywynp468t+9z5ywynp4gn9+9z5ywynp55nh+9z5ywynp5eks+9z5ywynph5e7+9z5ywynphecg,0.008837825076427061,0.02064105906,35,77.628,low dust
April 5th,Rear,11,Day,Pickup,gray,,first two thirds stationary,7zzzzzzzzzzz,0.06036069862735849,0.11071936530447761,268,66.092,low dust
April 5th,Rear,13,Day,Pickup,gray,,,7zzzzzzzzzzz,0.09025731143702065,0.11550363328294574,129,91.123,low dust
April 5th,Front,14,Day,Pickup,gray,,,9z5ywyjpxfhc+9z5ywyjpx9vq+9z5ywyjpx1wm+9z5ywyjpwcwf+9z5ywyjpw9rq+9z5ywyjpw30r+9z5ywyjpt8ce+9z5ywyjpsb7j+9z5ywyjpt0dg+9z5ywyjps2hp+9z5ywyjps0h9+9z5ywy5yb2uk+9z5ywy5wz8mz+9z5ywy5wz2qm+9z5ywy5wwxzx+9z5ywy5wybph+9z5ywy5wtz3r+9z5ywy5wtr4p+9z5ywy5wwrb2+9z5ywy5wsygp+9z5ywy5wsns7+9z5ywy5wewm6+9z5ywy5wenn6+9z5ywy5wdmxw+9z5ywy5w8ufg+9z5ywy5w8kef+9z5ywy5w8hkm+9z5ywy5qxsjj+9z5ywy5qx5yj,0.004406960252478632,0.004967893658333334,36,48.143,low dust
April 5th,Front,16,Day,Midsized SUV,black,,,9z5ywy5r2y5g+9z5ywy5r3q6e+9z5ywy5r3w3y+9z5ywy5r6nzg+9z5ywy5r7xee+9z5ywy5rs218+9z5ywy5rkpfh+9z5ywy5rsbre+9z5ywy5rsb0r,0.03493630791836735,0.0692503065,16,3.312,low dust
April 5th,Front,17,Day,Midsized SUV,black,,,9z5ywyk2h1n8+9z5ywyk2h3n5+9z5ywyk2hcm5+9z5ywyk2j3ef+9z5ywyk2jcff+9z5ywyk2n61d+9z5ywyk2p6wv+9z5ywyk2pfyn+9z5ywyk805j6+9z5ywyk80ek7+9z5ywyk815e5+9z5ywyk81ef4+9z5ywyk81gcr+9z5ywyk84srj+9z5ywyk84uwe+9z5ywyk85kv3+9z5ywyk85vhh+9z5ywyk8hm75+9z5ywyk8ht6r+9z5ywyk8hv9u+9z5ywyk8jqpc+9z5ywyk8nqtc+9z5ywyk8nyud+9z5ywyk8pr59+9z5ywyk8px4y+9z5ywykb0p3y+9z5ywykb0x8m+9z5ywykb3bke+9z5ywykb6bf4+9z5ywykb60s0+9z5ywykb62e6+9z5ywykb79r4+9z5ywykbk1t6+9z5ywykbk3sw+9z5ywykbkcg7,0.02710268886629213,0.07148446162857143,35,14.338,low dust
April 5th,Rear,14,Day,Midsized SUV,black,,,7zzzzzzzzzzz,0.14201467960524192,0.21456858137254903,153,27.016,medium dust
April 5th,Front,18,Day,Midsized SUV,black,,,9z5ywym3sbhc+9z5ywym3krvb+9z5ywym3kpwk+9z5ywym37xrd+9z5ywym37r0e+9z5ywym36yc9+9z5ywym36qd9+9z5ywym33y79+9z5ywym33whj+9z5ywym32twr+9z5ywym32mwe+9z5ywym1rvrg+9z5ywym1rt0g+9z5ywym1rhcv+9z5ywym1qke6+9z5ywym1muk7+9z5ywym1mkjd+9z5ywym1kgye+9z5ywym17g32+9z5ywym17742+9z5ywym174gh+9z5ywym16dsn+9z5ywym166s9+9z5ywym136nc+9z5ywym12czb+9z5ywym12c87+9z5ywym1233e+9z5ywykcrc4d+9z5ywykcr0sn+9z5ywykcq8mn+9z5ywykcq0nn,0.00430570376452666,0.005066351893442623,61,12.574,low dust
April 5th,Front,19,Day,Midsized SUV,black,,,9z5ywy4ruhqe+9z5ywy4rgupn+9z5ywy4rgebr+9z5ywy4rfg9g+9z5ywy4rfe6r+9z5ywy4rcg5f+9z5ywy4rc6ug+9z5ywy4rc4tw+9z5ywy4rbdqx+9z5ywy4pz9ce+9z5ywy4pyc7k+9z5ywy4py3he+9z5ywy4pvbvg,0.004897018423076924,0.009923695153846153,26,5.264,low dust
April 5th,Rear,15,Day,Midsized SUV,black,,,7zzzzzzzzzzz,0.07989033063473945,0.11035703852333333,120,24.569,low dust
April 5th,Rear,16,Day,Pickup,white,,,7zzzzzzzzzzz,0.1403447395283972,0.19815816570247932,121,93.379,medium dust
April 5th,Rear,17,Day,Pickup,white,,,7zzzzzzzzzzz,0.13800451651654136,0.13711483800000004,15,3.601,low dust
April 5th,Rear,18,Day,Pickup,white,,,7zzzzzzzzzzz,0.0907074723522472,0.09885052076388888,72,9.966,low dust
April 5th,Front,21,Day,Pickup,white,,,9z5ywy4zej89+9z5ywy4zdv3m+9z5ywy4zdm4u+9z5ywy4zdj53+9z5ywy4z9uum+9z5ywy4xwgm6+9z5ywy4xw4b1+9z5ywy4xw4zn+9z5ywy4xtf8t,0.004921324112790697,0.0052364979,12,4.615,low dust
April 5th,Front,22,Day,Human,black,stand,,9z5ywy1xfvyd+9z5ywy1xgqj1+9z5ywy1xuq9b+9z5ywy1xuyyg+9z5ywy1xvrhf+9z5ywy1xvz6b+9z5ywy1xyp3s+9z5ywy1xyzv4+9z5ywy1xyrx6+9z5ywy38p249,0.0071666129438016524,0.019044929477777778,18,3.549,low dust
April 5th,Front,23,Day,Human,black,sit,first half stationary,9z5ywy622c5x+9z5ywy62313c+9z5ywy6261ce+9z5ywy6263bn+9z5ywy62743w+9z5ywy6276wn+9z5ywy627duc+9z5ywy62k5pu+9z5ywy62kg7n,0.005242856782268041,0.009774535078947369,19,4.372,low dust
April 5th,Front,24,Day,Human,black,stand,first half stationary,9z5ywy6bth6e+9z5ywy6bxmd6+9z5ywy6bxt9q+9z5ywy6bxvzv,0.017116229383882783,0.01080505375,8,2.359,low dust
April 5th,Rear,19,Day,Human,black,stand,,7zzzzzzzzzzz,0.040385612962732916,0.22065133599999998,5,1.502,medium dust
April 5th,Rear,20,Day,Human,black,stand,,7zzzzzzzzzzz,0.007738551066666666,0.009425798199999998,8,3.159,low dust
April 5th,Front,28,Day,Human,black,stand,,9z5ywykc9ysg+9z5ywykcdnzc+9z5ywykcdqve+9z5ywykcdzn5+9z5ywykcspt4+9z5ywykcsrdv+9z5ywykcsxy1+9z5ywykctpc5+9z5ywykctpys,0.00748315436631016,0.026934618,9,3.808,low dust
April 5th,Rear,22,Day,Human,black,stand,,7zzzzzzzzzzz,0.05384980430783133,0.14751890736842105,19,6.604,low dust
April 5th,Front,29,Day,Human,black,stand,,9z5ywy71dkez+9z5ywy719k6c+9z5ywy718u14+9z5ywy6cw4uy+9z5ywy6ctfyk+9z5ywy6ctd8y,0.004473319474285715,0.004244911250000001,12,4.917,low dust
April 5th,Front,30,Day,Human,black,sit,,9z5ywy6926rx+9z5ywy69262t+9z5ywy63q3w6+9z5ywy63mc0p+9z5ywy63m2cp+9z5ywy63m0cu,0.004368316957936508,0.004294204416666667,12,3.084,low dust
April 5th,Front,31,Day,Human,black,stand,first half stationary,9z5ywy615t1n+9z5ywy614ugt+9z5ywy611s0j+9z5ywy611uqv+9z5ywy6115ck+9z5ywy610g9y,0.004459251389534883,0.003986646783333334,6,2.495,low dust
April 5th,Rear,24,Day,Human,black,stand,first half stationary,7zzzzzzzzzzz,0.0479123508472561,0.02217935727540984,61,31.749,low dust
April 5th,Front,32,Day,Human,black,stand,,9z5ywy737444+9z5ywy7361sh+9z5ywy732cn2+9z5ywy732082+9z5ywy71rb2u+9z5ywy71nrec,0.004700586534502924,0.004215034416666667,6,4.177,low dust
April 5th,Rear,25,Day,Human,black,stand,,7zzzzzzzzzzz,0.05579128164934497,0.07389381042857143,14,16.395,low dust
April 5th,Front,33,Day,Human,black,stand,,9z5ywy3ckzhw+9z5ywy3cmr7x+9z5ywy3cmzf8+9z5ywy3cw80y+9z5ywy3cwb20+9z5ywy3cx0t2+9z5ywy3cx2xy+9z5ywy3cxbf6+9z5ywy6183pr,0.012883597020571428,0.023785488509090912,11,3.351,low dust
April 5th,Front,37,Dusk,Human,black,stand,,9z5yxjexnzx8+9z5yxjexqfm0+9z5yxjexqv47+9z5yxjexw9nx+9z5yxjexws5f+9z5yxjexwwcd+9z5yxjexwt6x,0.004975955908595388,0.00468813107142857,14,2.464,low dust
April 5th,Rear,29,Dusk,Human,black,stand,,7zzzzzzzzzzz,0.09343821243598327,0.10689957060000002,10,4.024,low dust
April 5th,Front,38,Dusk,Human,black,stand,,9z5yxjgbd9y5+9z5yxjgbd8rq+9z5yxjgb6cmt+9z5yxjgb5j1s+9z5yxjgb55f2+9z5yxjgb547g+9z5yxjezg73b+9z5yxjezemxp,0.01725041490124378,0.02580001671111111,18,3.962,low dust
April 5th,Rear,30,Dusk,Human,black,stand,,7zzzzzzzzzzz,0.12645582166959066,0.12609413733333336,9,2.594,low dust
April 5th,Front,39,Dusk,Human,black,stand,,9z5yxjsp8kmn+9z5yxjspb4pc+9z5yxjspbn5y+9z5yxju000cp+9z5yxjgbpgy8+9z5yxjgbrc3s+9z5yxjgbrfb3+9z5yxjgbrttf,0.0051129579906432744,0.004790312946666667,15,3.574,low dust
April 5th,Rear,31,Dusk,Human,black,stand,,7zzzzzzzzzzz,0.10318081397253333,0.104979829,10,2.985,low dust
April 5th,Front,41,Dusk,Human,black,stand,,9z5yxjgb8p6q+9z5yxjgb8n5d+9z5yxjgb85nn+9z5yxjgb0w3u+9z5yxjgb0es2+9z5yxjgb0djf+9z5yxjezbz22,0.015970360790625,0.02680929333333333,9,3.577,low dust
April 5th,Front,43,Dusk,Human,black,sit,,9z5yxjezw0dy+9z5yxjezw41s+9z5yxjezvf9d+9z5yxjezvu03+9z5yxjgbj8hx+9z5yxjgbje47,0.005234410949070632,0.005041713539999999,10,2.372,low dust
April 5th,Rear,34,Dusk,Human,black,stand,,7zzzzzzzzzzz,0.1231309192339688,0.1317531566,20,2.906,low dust
April 5th,Front,44,Dusk,Human,black,sit,,9z5yxju06hwn+9z5yxju063bt+9z5yxju04r51+9z5yxju04km8,0.010838557311111113,0.018797287250000003,4,1.042,low dust
April 5th,Rear,35,Dusk,Human,black,sit,,7zzzzzzzzzzz,0.15174578522908366,0.292655801875,16,2.439,heavy dust
April 5th,Front,46,Dusk,Human,black,stand,,9z5yxjspzrxv+9z5yxju0p6t1+9z5yxju0pm69+9z5yxju0pq9q+9z5yxju0r1we+9z5yxju0wcyq+9z5yxju0wy1y,0.00539971690657476,0.0048329958857142846,14,3.294,low dust
April 5th,Rear,36,Dusk,Human,black,stand,,7zzzzzzzzzzz,0.10124685951108646,0.10062201228571428,7,2.109,low dust
April 5th,Front,47,Dusk,Human,black,stand,,9z5yxju352md+9z5yxju353sw+9z5yxju2gmxb+9z5yxju2gs1k+9z5yxju2eww4+9z5yxju2egb9+9z5yxju2ec4c+9z5yxju27zsh+9z5yxju27uyd,0.012739707989313835,0.02250885964444445,18,2.791,low dust
April 5th,Front,50,Dusk,Human,black,stand,,9z5yxju2nc0d+9z5yxju2nxdt+9z5yxju2qkvx+9z5yxju2qqk8+9z5yxju2wnjr+9z5yxju2y0fy+9z5yxju2y43b+9z5yxju2vuzs,0.005240967156265356,0.0048360553222222226,18,4.037,low dust
April 5th,Rear,41,Dusk,Human,black,stand,,7zzzzzzzzzzz,0.15557978984467455,0.18262324222222223,9,3.001,medium dust
"Apri 27th, May 1st and 4th",Front,0,Day,Pickup,white,,,9zv0hsybbdzj+9zv0hsybbdbq+9zv0hsy8vdcn+9zv0hsy8vdzu+9zv0hsy8v6ft+9zv0hsy8u7p2+9zv0hsy8u4cz+9zv0hsy8g4yv+9zv0hsy8f4uy+9zv0hsy8bg58+9zv0hsy8behb+9zv0hsy8b5p9+9zv0hsy2zg42+9zv0hsy2ze5d+9zv0hsy2z5n3+9zv0hsy2ygpg+9zv0hsy2gej2+9zv0hsy2fdur,0.005255033772903226,0.005589222115789474,19,14.156,low dust
"Apri 27th, May 1st and 4th",Rear,0,Day,Pickup,white,,,7zzzzzzzzzzz,0.010699048862836184,0.014024106716748768,203,183.871,low dust
"Apri 27th, May 1st and 4th",Front,1,Day,Pickup,white,,,9zv0hsu8udgp+9zv0hsu8u4vq+9zv0hsu8gdzr+9zv0hsu8ffgr+9zv0hsu8f5n2+9zv0hsu8cg03+9zv0hsu8c740+9zv0hsu8c553+9zv0hsu8bej2+9zv0hsu8b508+9zv0hsu8b5p9+9zv0hsu2yep1+9zv0hsu2y710+9zv0hsu2y542+9zv0hsu2veh8+9zv0hsu2u4un+9zv0hsu3f728+9zv0hsu3g739+9zv0hsu3ge24+9zv0hsu3u76b+9zv0hsu3vg1n+9zv0hsu3vgpy+9zv0hsu3y7hy+9zv0hsu3zg4k+9zv0hsu9bg5p+9zv0hsu9c723+9zv0hsu9cg5z+9zv0hsu9f71j+9zv0hsu9fen7,0.005101146649910233,0.005186134234482759,29,96.173,low dust
"Apri 27th, May 1st and 4th",Front,2,Day,Pickup,white,,,9zv0hsvcggp3+9zv0hsvcu7hc+9zv0hsvcv4cp+9zv0hsvcvfup+9zv0hsvcy4fy+9zv0hsvcyfvv+9zv0hsvczdfj+9zv0hsvczfzt+9zv0hsy1b4yq+9zv0hsy1bdgz+9zv0hsy1c513+9zv0hsy1cej4+9zv0hsy1f54s+9zv0hsy1fenv+9zv0hsy1g5hm+9zv0hsy1u7j4+9zv0hsy1v706+9zv0hsy1v7pk+9zv0hsy1vgj5+9zv0hsy1y74s+9zv0hsy1ye1t+9zv0hsy3b50z+9zv0hsy3c56c+9zv0hsy3ce29+9zv0hsy3cer9+9zv0hsy3fe70+9zv0hsy3g5pw+9zv0hsy3g7nw+9zv0hsz3g5md+9zv0hsz3g7k3+9zv0hsz3ug5n+9zv0hsz3v70q+9zv0hsz3vghw+9zv0hsz3y71y+9zv0hsz3yer2+9zv0hsz3ygq0+9zv0hsz3z778+9zv0hsz3zgrb+9zv0hsz9b7m9+9zv0hsz9c538+9zv0hsz9g5jj+9zv0hsz9uehd+9zv0hsz9v711+9zv0hsz9y6gx+9zv0hszcb71c+9zv0hszcbgn6+9zv0hszcc5j6,0.005068827944668588,0.005856169265957446,47,58.585,low dust
"Apri 27th, May 1st and 4th",Rear,1,Day,Pickup,white,,,7zzzzzzzzzzz,0.009155461401366121,0.010868095406930693,101,74.961,low dust
"Apri 27th, May 1st and 4th",Front,3,Day,Human,white,sit,,9zv0hsz8m4z7+9zv0hsz8kdfu+9zv0hsz8k4v7+9zv0hsz87dbg+9zv0hsz83df7+9zv0hsz82fv7,0.005002292550627616,0.004921108016666667,6,4.058,low dust
"Apri 27th, May 1st and 4th",Rear,2,Day,Human,white,sit,,7zzzzzzzzzzz,0.012972550263295881,0.022477957538461543,13,7.657,low dust
"Apri 27th, May 1st and 4th",Front,4,Day,Human,white,stand,,9zv0hsz3me5e+9zv0hsz3q5pt+9zv0hsz3q7nk+9zv0hsz3qg5y+9zv0hsz3re0p+9zv0hsz9275k+9zv0hsz92gpf,0.0051436223181208045,0.004736589457142858,7,3.225,low dust
"Apri 27th, May 1st and 4th",Rear,3,Day,Human,white,stand,,7zzzzzzzzzzz,0.010533581607207208,0.014355086000000001,17,8.005,low dust
"Apri 27th, May 1st and 4th",Front,5,Day,Human,white,stand,,9zv0hszdqens+9zv0hszdq71j+9zv0hszdq54n+9zv0hszdmekc+9zv0hszd7e24+9zv0hszd7566+9zv0hszd67m7,0.005156003543243242,0.0047677261375,8,4.015,low dust
"Apri 27th, May 1st and 4th",Rear,4,Day,Human,white,stand,,7zzzzzzzzzzz,0.01344972618,0.013740248041666667,12,5.944,low dust
"Apri 27th, May 1st and 4th",Front,6,Day,Pickup,white,,,9zv0he9t2p50+9zv0he9t2h68+9zv0he9mpcr9+9zv0he9kzywd+9zv0he9kxzu9+9zv0he9kry3f+9zv0he9kpwpr,0.0052121668988047805,0.006991468985714286,7,5.759,low dust
"Apri 27th, May 1st and 4th",Rear,5,Day,Pickup,white,,first half stationary,7zzzzzzzzzzz,0.01514689952177914,0.020517340164516125,62,36.719,low dust
"Apri 27th, May 1st and 4th",Front,7,Day,Pickup,white,,,9zv0he3mmgbz+9zv0he3mjtn9+9zv0he3mjdmb+9zv0he3kvwhq+9zv0he3kve7t+9zv0he3kts97+9zv0he3kt9be+9zv0he3kjqvq+9zv0he37vm6e+9zv0he12d03v+9zv0he126p11+9zv0he126h2k+9zv0he121ctq+9zv0hdcrccej+9zv0hdcr39qj+9zv0hdcr1euk+9zv0hdcr195s+9zv0he1d244z+9zv0he1d25e6+9zv0he1d8jjv+9zv0he1d8pyv+9zv0he1db4xu+9zv0he1dbqbc+9zv0he1e227t+9zv0he1e2mvn+9zv0he3e4eks+9zv0he3e4stp+9zv0he3e6dnv+9zv0he3e6y0n+9zv0he3e6z86+9zv0he3edzdk+9zv0he3efykw+9zv0he3s4gy5+9zv0he3s4ywf+9zv0he3s6crc+9zv0he3se13g+9zv0he3seh43,0.006346345219207682,0.007703216779999999,40,181.522,low dust
"Apri 27th, May 1st and 4th",Rear,6,Day,Pickup,white,,,7zzzzzzzzzzz,0.02228853840205128,0.029569684753061227,49,38.714,low dust
"Apri 27th, May 1st and 4th",Rear,7,Day,Pickup,white,,,7zzzzzzzzzzz,0.032813589168151816,0.05354594669298246,114,134.866,low dust
"Apri 27th, May 1st and 4th",Front,8,Day,Pickup,white,,,9zv0he9wmbeu+9zv0he9wmcup+9zv0he9wtby7+9zv0he9wy498+9zv0he9wyj4p+9zv0he9xn4ew+9zv0he9xnnv0+9zv0he9xq1t8+9zv0he9xq4vu+9zv0he9xqjws+9zv0he9xw0rk+9zv0he9xw70j+9zv0he9xwr32+9zv0he9xy61b,0.005223820429133858,0.004909157661111111,18,7.428,low dust
"Apri 27th, May 1st and 4th",Rear,8,Day,Pickup,white,,,7zzzzzzzzzzz,0.04162126290833333,0.07254464545,30,17.642,low dust
"Apri 27th, May 1st and 4th",Front,9,Day,Pickup,white,,,9zv0he9vg7f4+9zv0he9veq2s+9zv0he9v7jjc+9zv0he9v70uw+9zv0he9v5n78+9zv0he9ugp3z+9zv0he9ughc0+9zv0he9ug52s+9zv0he9uduwd,0.006079637161688313,0.0072924523,9,5.308,low dust
"Apri 27th, May 1st and 4th",Rear,9,Day,Pickup,white,,,7zzzzzzzzzzz,0.020335832774509805,0.024283796605263155,38,24.317,low dust
"Apri 27th, May 1st and 4th",Front,10,Day,Pickup,white,,,9zv0he3g04yf+9zv0he3fb4sd+9zv0he3f85dj+9zv0he3f843d+9zv0he3f2n0m+9zv0he3drbwu+9zv0he3dput2+9zv0he3dpbkm+9zv0he39zb1v+9zv0he39xyc3+9zv0he39xv3j+9zv0he39rtpp+9zv0he39pxtw+9zv0hdcegu8e+9zv0hdcegdpc+9zv0hdceg8xx+9zv0hdceg8p6+9zv0hdceewz1+9zv0hdceedyh+9zv0hdce7w7s+9zv0hdce7s3r+9zv0hdce7658,0.005686259389848676,0.010164158731818182,22,78.138,low dust
"Apri 27th, May 1st and 4th",Rear,10,Day,Pickup,white,,,7zzzzzzzzzzz,0.021414008593464054,0.033089475058823536,34,20.536,low dust
"Apri 27th, May 1st and 4th",Rear,11,Day,Pickup,white,,,7zzzzzzzzzzz,0.018436049219049733,0.017150608316949156,59,458.218,low dust
"Apri 27th, May 1st and 4th",Front,12,Dusk,Pickup,black,,,9zv0jg6jxt2k+9zv0jg6m8jpm+9zv0jg6m8tj0+9zv0jg6m8uyn+9zv0jg6m9s8r+9zv0jg6mdskx+9zv0jg6meh64+9zv0jg6mekpy+9zv0jg6meu07+9zv0jg6msh52+9zv0jg6ms7fm+9zv0jg6ms7vs+9zv0jg6mt5dn+9zv0jg6mt7s5+9zv0jg6mtee3+9zv0jg6mw5ru+9zv0jg6mx5nf+9zv0jg6mxdcr+9zv0jg6mxfbj+9zv0jg6t84fd+9zv0jg6t86ub+9zv0jg6t8d8q+9zv0jg6t8fw6+9zv0jg6t962x+9zv0jg6t96kn+9zv0jg6t9dqe+9zv0jg6t9f3c+9zv0jg6td40y+9zv0jg6td6nd+9zv0jg6td9vx+9zv0jg6te1bh+9zv0jg6ts1w0+9zv0jg6ts92t+9zv0jg6tt13c,0.007005132784196547,0.007784664113888889,36,25.165,low dust
"Apri 27th, May 1st and 4th",Rear,12,Dusk,Pickup,black,,,7zzzzzzzzzzz,0.04752519369771573,0.09907482935240174,229,159.177,low dust
"Apri 27th, May 1st and 4th",Rear,13,Dusk,Pickup,black,,,7zzzzzzzzzzz,0.029770089446558703,0.056496058853571424,140,112.168,low dust
"Apri 27th, May 1st and 4th",Rear,14,Dusk,Pickup,black,,,7zzzzzzzzzzz,0.04637873846169355,0.04143300090724637,138,112.507,low dust
"Apri 27th, May 1st and 4th",Front,14,Dusk,Pickup,black,,,9zv0jg6uyqk7+9zv0jg6uznne+9zv0jg6uzw12+9zv0jg6uzvgv+9zv0jg7hfj1p+9zv0jg7hfm5s+9zv0jg7hghcj+9zv0jg7hghy7+9zv0jg7hgkgc+9zv0jg7hgs9p+9zv0jg7hgues+9zv0jg7huh95+9zv0jg7husqk+9zv0jg7hvk5m+9zv0jg7hvs0e+9zv0jg7hy5yj+9zv0jg7hz58u+9zv0jg7hz5w5+9zv0jg7hze90+9zv0jg7hzg7m+9zv0jg7kbejs+9zv0jg7kcdbh+9zv0jg7kf4b1+9zv0jg7kf4tr+9zv0jg7kfd85+9zv0jg7kg6rc+9zv0jg7kucf7+9zv0jg7kv39y+9zv0jg7ttx7r+9zv0jg7tg84b+9zv0jg7tg2j9+9zv0jg7tf868+9zv0jg7tf2m6+9zv0jg7tc8rz+9zv0jg7tb0zt+9zv0jg7mzch9,0.007125136231929825,0.006650094166666666,36,82.274,low dust
"Apri 27th, May 1st and 4th",Rear,15,Dusk,Pickup,black,,,7zzzzzzzzzzz,0.056989484468104784,0.10546195792559523,168,148.968,low dust
"Apri 27th, May 1st and 4th",Front,15,Dusk,Pickup,black,,,9zv0jg3wr4qm+9zv0jg3wqdw5+9zv0jg3wq4wp+9zv0jg3wmdbx+9zv0jg3wm50t+9zv0jg3wkejz+9zv0jg3wk5qj+9zv0jg3w6ggu+9zv0jg3w6eys+9zv0jg3w3snz+9zv0jg3w2ukp+9zv0jg3w2swc+9zv0jg3w2ksh+9zv0jg3w2hwy+9zv0jg3qrhyz+9zv0jg3qqvh3+9zv0jg3qqt1v+9zv0jg3qqjpp+9zv0jg3qmvkd+9zv0jg3qmms2+9zv0jg3qmjx4+9zv0jg3qkvsw+9zv0jg3qkmu6+9zv0jg3qkjcw+9zv0jg3q7w1d+9zv0jg3q7n38+9zv0jg3q6wr5+9zv0jg3q6nrp+9zv0jg3q3yse+9zv0jex2n2gs+9zv0jex2nbep+9zv0jex2p0tk+9zv0jex802nz+9zv0jex808hj+9zv0jerxcrym+9zv0jerxfpg0+9zv0jerxfr8p+9zv0jerxfxds+9zv0jerxgp6n,0.007245834645070421,0.006802224356410256,39,160.888,low dust
"Apri 27th, May 1st and 4th",Rear,16,Dusk,Pickup,black,,,7zzzzzzzzzzz,0.03696239730379747,0.054231442689473684,190,106.268,low dust
"Apri 27th, May 1st and 4th",Rear,17,Dusk,Pickup,black,,,7zzzzzzzzzzz,0.060023284468885454,0.13776498782835817,134,143.198,low dust
"Apri 27th, May 1st and 4th",Front,16,Dusk,Pickup,black,,,9zv0jg7zstsd+9zv0jg7zst9j+9zv0jg7zdysg+9zv0jg7zdwdp+9zv0jg7zdnge+9zv0jg7z9ybw+9zv0jg7z9x0b+9zv0jg7z9r0e+9zv0jg7z9phu+9zv0jg7z8z5w+9zv0jg7z8xqb+9zv0jg7z8rkf+9zv0jg7xxx6x+9zv0jg7xxpds+9zv0jg7xwrv4+9zv0jg7xtzvp,0.006034842963300677,0.0087882258125,16,9.949,low dust
"Apri 27th, May 1st and 4th",Front,17,Night,Pickup,black,,,9zv0jex3j1s2+9zv0jex3hcwd+9zv0jex3h3bf+9zv0jex34d63+9zv0jex346ks+9zv0jex31dwv,0.004783916043063584,0.005090122833333334,6,3.866,low dust
"Apri 27th, May 1st and 4th",Rear,19,Night,Pickup,black,,,7zzzzzzzzzzz,0.040649864832180846,0.04971535278888889,90,45.455,low dust
"Apri 27th, May 1st and 4th",Rear,20,Night,Pickup,black,,,7zzzzzzzzzzz,0.0532352058695279,0.09263664159090909,22,52.961,low dust
"Apri 27th, May 1st and 4th",Rear,21,Night,Pickup,black,,,7zzzzzzzzzzz,0.059400796091716876,0.05685869632402235,179,138.166,low dust
"Apri 27th, May 1st and 4th",Front,19,Night,Pickup,black,,,9zv0jg7znnqe+9zv0jg7zjj04+9zv0jg7zhv0v+9zv0jg7zhmqh+9zv0jg7zhjwe+9zv0jg7z5vz3+9zv0jg7z5wpb+9zv0jg7z5qhj+9zv0jg7z5q22+9zv0jg7z5n66+9zv0jg7z4yk7+9zv0jg7z4w6q+9zv0jg7z1wwx+9zv0jg7z1wf2+9zv0jg7z1nbm+9zv0jg7xpr6h+9zv0jg7xppkj+9zv0jg7xnxxb,0.006350767761065574,0.00819822400526316,19,11.569,low dust
"Apri 27th, May 1st and 4th",Rear,22,Night,Pickup,black,,,7zzzzzzzzzzz,0.06780921770909092,0.07944492799056602,106,54.597,low dust
"Apri 27th, May 1st and 4th",Rear,25,Night,Pickup,black,,,7zzzzzzzzzzz,0.08065818282084691,0.1319153193333333,63,32.966,low dust
"Apri 27th, May 1st and 4th",Front,25,Night,Pickup,black,,,9zv0jgefexhm+9zv0jgefex0z+9zv0jgefdzs0+9zv0jgefdz88+9zv0jgef9zc1+9zv0jgefdp9r+9zv0jgefb0r2+9zv0jgefb03b+9zv0jgedybtb+9zv0jgedy897+9zv0jgedy0ez+9zv0jgd7ht7c+9zv0jgd75vmx+9zv0jgd74tcm+9zv0jgd74mfp+9zv0jgd71y5h+9zv0jgd70qw8+9zv0jgd70nx6+9zv0jgd5nxh3+9zv0jgd5npjx+9zv0jgd5hx9v+9zv0jgd55xut+9zv0jg9e3jsr+9zv0jg9e2vv1+9zv0jg97kx14+9zv0jg87ybp3+9zv0jg87y8pu+9zv0jg87y80v+9zv0jg87y061+9zv0jg87v0s9+9zv0jg87u8ty+9zv0jg87fc79+9zv0jg87f9kj+9zv0jg87cctb+9zv0jg87bf10+9zv0jg85z6mn+9zv0jg85v749+9zv0jg85uehr+9zv0jg85u7m0+9zv0jg85u5me+9zv0jg85g7xd+9zv0jg85bk3r,0.008225717061569148,0.014649099965909091,44,109.403,low dust
"Apri 27th, May 1st and 4th",Rear,26,Night,Pickup,black,,,7zzzzzzzzzzz,0.11243680916267605,0.09782981875384616,65,102.245,low dust
"Apri 27th, May 1st and 4th",Rear,27,Night,Pickup,black,,,7zzzzzzzzzzz,0.18055394535000002,0.1343439862886598,97,84.261,low dust
